task_id,model_id,category,text,tool_call,response,task_name,label,details
"dom1_pl_lights_lights-dining_room_light_off-0","mistral-large-2512","light","Dining room light off","{'tool_name': 'HassTurnOff', 'tool_args': {'domain': ['light'], 'area': 'Dining Room'}}","The dining room light is off.","eval-test_expected_states","Good",""
"dom1_pl_lights_lights-dining_room_light_off-1","mistral-large-2512","light","Dining room light off","{'tool_name': 'HassTurnOff', 'tool_args': {'domain': ['light'], 'area': 'Dining Room'}}","The dining room light is off.","eval-test_expected_states","Good",""
"dom1_pl_lights_lights-dining_room_light_off-2","mistral-large-2512","light","Dining room light off","{'tool_name': 'HassTurnOff', 'tool_args': {'domain': ['light'], 'area': 'Dining Room'}}","The dining room light is off.","eval-test_expected_states","Good",""
"dom1_pl_lights_lights-dining_room_light_off-3","mistral-large-2512","light","Dining room light off","{'tool_name': 'HassTurnOff', 'tool_args': {'domain': ['light'], 'area': 'Dining Room'}}","The dining room light is off.","eval-test_expected_states","Good",""
"dom1_pl_lights_lights-kitchen_light_off-0","mistral-large-2512","light","Kitchen light off","{'tool_name': 'HassTurnOff', 'tool_args': {'domain': ['light'], 'area': 'Kitchen'}}","The kitchen light is off.","eval-test_expected_states","Good",""
"dom1_pl_lights_lights-kitchen_light_off-1","mistral-large-2512","light","Kitchen light off","{'tool_name': 'HassTurnOff', 'tool_args': {'domain': ['light'], 'area': 'Kitchen'}}","The kitchen light is off.","eval-test_expected_states","Good",""
"dom1_pl_lights_lights-kitchen_light_off-2","mistral-large-2512","light","Kitchen light off","{'tool_name': 'HassTurnOff', 'tool_args': {'domain': ['light'], 'area': 'Kitchen'}}","The kitchen light is off.","eval-test_expected_states","Good",""
"dom1_pl_lights_lights-kitchen_light_off-3","mistral-large-2512","light","Kitchen light off","{'tool_name': 'HassTurnOff', 'tool_args': {'domain': ['light'], 'area': 'Kitchen'}}","The kitchen light is off.","eval-test_expected_states","Good",""
"dom1_pl_lights_lights-please_turn_on_the_kitchen_light-0","mistral-large-2512","light","Please turn on the kitchen light","{'tool_name': 'HassTurnOn', 'tool_args': {'domain': ['light'], 'name': 'Kitchen Light'}}","The kitchen light is on.","eval-test_expected_states","Good",""
"dom1_pl_lights_lights-please_turn_on_the_kitchen_light-1","mistral-large-2512","light","Please turn on the kitchen light","{'tool_name': 'HassTurnOn', 'tool_args': {'domain': ['light'], 'area': 'Kitchen'}}","The kitchen light is on.","eval-test_expected_states","Good",""
"dom1_pl_lights_lights-please_turn_on_the_kitchen_light-2","mistral-large-2512","light","Please turn on the kitchen light","{'tool_name': 'HassTurnOn', 'tool_args': {'domain': ['light'], 'area': 'Kitchen'}}","The kitchen light is on.","eval-test_expected_states","Good",""
"dom1_pl_lights_lights-please_turn_on_the_kitchen_light-3","mistral-large-2512","light","Please turn on the kitchen light","{'tool_name': 'HassTurnOn', 'tool_args': {'domain': ['light'], 'area': 'Kitchen'}}","The kitchen light is on.","eval-test_expected_states","Good",""
"dom1_pl_lights_lights-turn_on_the_backyard_light-0","mistral-large-2512","light","Turn on the Backyard light","{'tool_name': 'HassTurnOn', 'tool_args': {'name': 'Garden Light', 'domain': ['light']}}","The Backyard light is on.","eval-test_expected_states","Good",""
"dom1_pl_lights_lights-turn_on_the_backyard_light-1","mistral-large-2512","light","Turn on the Backyard light","{'tool_name': 'HassTurnOn', 'tool_args': {'name': 'Garden Light', 'domain': ['light']}}","The **Garden Light** in the Backyard is now on.","eval-test_expected_states","Good",""
"dom1_pl_lights_lights-turn_on_the_backyard_light-2","mistral-large-2512","light","Turn on the Backyard light","{'tool_name': 'HassTurnOn', 'tool_args': {'name': 'Garden Light', 'domain': ['light']}}","The Backyard light is on.","eval-test_expected_states","Good",""
"dom1_pl_lights_lights-turn_on_the_backyard_light-3","mistral-large-2512","light","Turn on the Backyard light","{'tool_name': 'HassTurnOn', 'tool_args': {'name': 'Garden Light', 'domain': ['light']}}","The Backyard light is on.","eval-test_expected_states","Good",""
"dom1_pl_lights_lights-turn_on_the_living_room_light-0","mistral-large-2512","light","Turn on the living room light","{'tool_name': 'HassTurnOn', 'tool_args': {'domain': ['light'], 'area': 'Living Room'}}","The living room light is on.","eval-test_expected_states","Good",""
"dom1_pl_lights_lights-turn_on_the_living_room_light-1","mistral-large-2512","light","Turn on the living room light","{'tool_name': 'HassTurnOn', 'tool_args': {'domain': ['light'], 'area': 'Living Room'}}","The living room light is on.","eval-test_expected_states","Good",""
"dom1_pl_lights_lights-turn_on_the_living_room_light-2","mistral-large-2512","light","Turn on the living room light","{'tool_name': 'HassTurnOn', 'tool_args': {'domain': ['light'], 'area': 'Living Room'}}","The living room light is on.","eval-test_expected_states","Good",""
"dom1_pl_lights_lights-turn_on_the_living_room_light-3","mistral-large-2512","light","Turn on the living room light","{'tool_name': 'HassTurnOn', 'tool_args': {'domain': ['light'], 'area': 'Living Room'}}","The living room light is on.","eval-test_expected_states","Good",""
"dom1_pl_todo_todo-add_clean_the_kitchen_to_my_todo_list-0","mistral-large-2512","todo","Add clean the kitchen to my todo list","{'tool_name': 'HassListAddItem', 'tool_args': {'item': 'clean the kitchen', 'name': 'Personal Tasks'}}","Added *clean the kitchen* to your **Personal Tasks** list.","eval-test_expected_states","Good",""
"dom1_pl_todo_todo-add_clean_the_kitchen_to_my_todo_list-1","mistral-large-2512","todo","Add clean the kitchen to my todo list","{'tool_name': 'HassListAddItem', 'tool_args': {'item': 'clean the kitchen', 'name': 'Personal Tasks'}}","Added *clean the kitchen* to your **Personal Tasks** list.","eval-test_expected_states","Good",""
"dom1_pl_todo_todo-add_clean_the_kitchen_to_my_todo_list-2","mistral-large-2512","todo","Add clean the kitchen to my todo list","{'tool_name': 'HassListAddItem', 'tool_args': {'item': 'clean the kitchen', 'name': 'Personal Tasks'}}","Added *clean the kitchen* to your **Personal Tasks** list.","eval-test_expected_states","Good",""
"dom1_pl_todo_todo-add_clean_the_kitchen_to_my_todo_list-3","mistral-large-2512","todo","Add clean the kitchen to my todo list","{'tool_name': 'HassListAddItem', 'tool_args': {'item': 'clean the kitchen', 'name': 'Personal Tasks'}}","Added *clean the kitchen* to your **Personal Tasks** list.","eval-test_expected_states","Good",""
"dom1_pl_todo_todo-add_history_homework_to_my_personal_tasks-0","mistral-large-2512","todo","Add history homework to my personal tasks","{'tool_name': 'HassListAddItem', 'tool_args': {'item': 'history homework', 'name': 'Personal Tasks'}}","Added 'history homework' to your Personal Tasks.","eval-test_expected_states","Good",""
"dom1_pl_todo_todo-add_history_homework_to_my_personal_tasks-1","mistral-large-2512","todo","Add history homework to my personal tasks","{'tool_name': 'HassListAddItem', 'tool_args': {'item': 'History homework', 'name': 'Personal Tasks'}}","Added 'History homework' to your Personal Tasks.","eval-test_expected_states","Good",""
"dom1_pl_todo_todo-add_history_homework_to_my_personal_tasks-2","mistral-large-2512","todo","Add history homework to my personal tasks","{'tool_name': 'HassListAddItem', 'tool_args': {'item': 'History homework', 'name': 'Personal Tasks'}}","Added 'History homework' to your Personal Tasks.","eval-test_expected_states","Good",""
"dom1_pl_todo_todo-add_history_homework_to_my_personal_tasks-3","mistral-large-2512","todo","Add history homework to my personal tasks","{'tool_name': 'HassListAddItem', 'tool_args': {'item': 'History homework', 'name': 'Personal Tasks'}}","Added 'History homework' to your Personal Tasks.","eval-test_expected_states","Good",""
"dom1_pl_todo_todo-add_history_homework_to_my_tasks-0","mistral-large-2512","todo","Add history homework to my tasks","{'tool_name': 'HassListAddItem', 'tool_args': {'item': 'History homework', 'name': 'Personal Tasks'}}","Added 'History homework' to your **Personal Tasks** list.","eval-test_expected_states","Good",""
"dom1_pl_todo_todo-add_history_homework_to_my_tasks-1","mistral-large-2512","todo","Add history homework to my tasks","{'tool_name': 'HassListAddItem', 'tool_args': {'item': 'History homework', 'name': 'Personal Tasks'}}","Added 'History homework' to your tasks.","eval-test_expected_states","Good",""
"dom1_pl_todo_todo-add_history_homework_to_my_tasks-2","mistral-large-2512","todo","Add history homework to my tasks","{'tool_name': 'HassListAddItem', 'tool_args': {'item': 'History homework', 'name': 'Personal Tasks'}}","Added 'History homework' to your tasks.","eval-test_expected_states","Good",""
"dom1_pl_todo_todo-add_history_homework_to_my_tasks-3","mistral-large-2512","todo","Add history homework to my tasks","{'tool_name': 'HassListAddItem', 'tool_args': {'item': 'history homework', 'name': 'Personal Tasks'}}","Added 'history homework' to your tasks.","eval-test_expected_states","Good",""
"dom1_pl_todo_todo-put_history_homework_on_personal_tasks_todo_list-0","mistral-large-2512","todo","Put history homework on personal tasks todo list","{'tool_name': 'HassListAddItem', 'tool_args': {'item': 'History homework', 'name': 'Personal Tasks'}}","History homework has been added to your Personal Tasks list.","eval-test_expected_states","Good",""
"dom1_pl_todo_todo-put_history_homework_on_personal_tasks_todo_list-1","mistral-large-2512","todo","Put history homework on personal tasks todo list","{'tool_name': 'HassListAddItem', 'tool_args': {'item': 'History homework', 'name': 'Personal Tasks'}}","History homework has been added to your Personal Tasks list.","eval-test_expected_states","Good",""
"dom1_pl_todo_todo-put_history_homework_on_personal_tasks_todo_list-2","mistral-large-2512","todo","Put history homework on personal tasks todo list","{'tool_name': 'HassListAddItem', 'tool_args': {'item': 'History homework', 'name': 'Personal Tasks'}}","History homework has been added to your Personal Tasks list.","eval-test_expected_states","Good",""
"dom1_pl_todo_todo-put_history_homework_on_personal_tasks_todo_list-3","mistral-large-2512","todo","Put history homework on personal tasks todo list","{'tool_name': 'HassListAddItem', 'tool_args': {'item': 'History homework', 'name': 'Personal Tasks'}}","Added 'History homework' to your Personal Tasks list.","eval-test_expected_states","Good",""
"home1_us_cover_garage_cover_garage-close_the_garage_door-0","mistral-large-2512","cover","Close the garage door","{'tool_name': 'HassTurnOff', 'tool_args': {'domain': ['cover'], 'device_class': ['garage'], 'area': 'garage'}}","The garage door is closing.","eval-test_expected_states","Good",""
"home1_us_cover_garage_cover_garage-close_the_garage_door-1","mistral-large-2512","cover","Close the garage door","{'tool_name': 'HassTurnOff', 'tool_args': {'name': 'Garage Door Opener', 'domain': ['cover'], 'device_class': ['garage']}}","The garage door is closing.","eval-test_expected_states","Good",""
"home1_us_cover_garage_cover_garage-close_the_garage_door-2","mistral-large-2512","cover","Close the garage door","{'tool_name': 'HassTurnOff', 'tool_args': {'domain': ['cover'], 'device_class': ['garage'], 'area': 'garage'}}","The garage door is closing.","eval-test_expected_states","Good",""
"home1_us_cover_garage_cover_garage-close_the_garage_door-3","mistral-large-2512","cover","Close the garage door","{'tool_name': 'HassTurnOff', 'tool_args': {'name': 'Garage Door Opener', 'domain': ['cover']}}","The garage door is closing.","eval-test_expected_states","Good",""
"home1_us_cover_garage_cover_garage-open_the_garage_door-0","mistral-large-2512","cover","Open the garage door","{'tool_name': 'HassTurnOn', 'tool_args': {'name': 'Garage Door Opener', 'domain': ['cover']}}","The garage door is opening.","eval-test_expected_states","Good",""
"home1_us_cover_garage_cover_garage-open_the_garage_door-1","mistral-large-2512","cover","Open the garage door","{'tool_name': 'HassTurnOn', 'tool_args': {'domain': ['cover'], 'device_class': ['garage'], 'area': 'garage'}}","The garage door is opening.","eval-test_expected_states","Good",""
"home1_us_cover_garage_cover_garage-open_the_garage_door-2","mistral-large-2512","cover","Open the garage door","{'tool_name': 'HassTurnOn', 'tool_args': {'domain': ['cover'], 'device_class': ['garage'], 'area': 'garage'}}","The garage door is opening.","eval-test_expected_states","Good",""
"home1_us_cover_garage_cover_garage-open_the_garage_door-3","mistral-large-2512","cover","Open the garage door","{'tool_name': 'HassTurnOn', 'tool_args': {'domain': ['cover'], 'device_class': ['garage'], 'area': 'garage'}}","The garage door is opening.","eval-test_expected_states","Good",""
"home1_us_cover_garage_cover_garage-please_close_the_garage_door-0","mistral-large-2512","cover","Please close the garage door","{'tool_name': 'HassTurnOff', 'tool_args': {'name': 'Garage Door Opener', 'domain': ['cover']}}","The garage door is closing.","eval-test_expected_states","Good",""
"home1_us_cover_garage_cover_garage-please_close_the_garage_door-1","mistral-large-2512","cover","Please close the garage door","{'tool_name': 'HassTurnOff', 'tool_args': {'domain': ['cover'], 'device_class': ['garage'], 'area': 'garage'}}","The garage door is closing.","eval-test_expected_states","Good",""
"home1_us_cover_garage_cover_garage-please_close_the_garage_door-2","mistral-large-2512","cover","Please close the garage door","{'tool_name': 'HassTurnOff', 'tool_args': {'name': 'Garage Door Opener', 'domain': ['cover']}}","The garage door is closing.","eval-test_expected_states","Good",""
"home1_us_cover_garage_cover_garage-please_close_the_garage_door-3","mistral-large-2512","cover","Please close the garage door","{'tool_name': 'HassTurnOff', 'tool_args': {'domain': ['cover'], 'device_class': ['garage'], 'area': 'garage'}}","The garage door is closing.","eval-test_expected_states","Good",""
"home1_us_cover_garage_cover_garage-please_open_the_garage_door-0","mistral-large-2512","cover","Please open the garage door","{'tool_name': 'HassTurnOn', 'tool_args': {'domain': ['cover'], 'device_class': ['garage'], 'name': 'Garage Door Opener'}}","The garage door is opening.","eval-test_expected_states","Good",""
"home1_us_cover_garage_cover_garage-please_open_the_garage_door-1","mistral-large-2512","cover","Please open the garage door","{'tool_name': 'HassTurnOn', 'tool_args': {'name': 'Garage Door Opener', 'domain': ['cover']}}","The garage door is opening.","eval-test_expected_states","Good",""
"home1_us_cover_garage_cover_garage-please_open_the_garage_door-2","mistral-large-2512","cover","Please open the garage door","{'tool_name': 'HassTurnOn', 'tool_args': {'name': 'Garage Door Opener', 'domain': ['cover'], 'device_class': ['garage']}}","The garage door is opening.","eval-test_expected_states","Good",""
"home1_us_cover_garage_cover_garage-please_open_the_garage_door-3","mistral-large-2512","cover","Please open the garage door","{'tool_name': 'HassTurnOn', 'tool_args': {'domain': ['cover'], 'device_class': ['garage'], 'area': 'garage'}}","The garage door is opening.","eval-test_expected_states","Good",""
"home1_us_lock_smart_lock-lock_smart_lock-0","mistral-large-2512","lock","Lock smart lock","{'tool_name': 'HassTurnOn', 'tool_args': {'name': 'Smart Lock', 'domain': ['lock']}}","The smart lock is now locked.","eval-test_expected_states","Good",""
"home1_us_lock_smart_lock-lock_smart_lock-1","mistral-large-2512","lock","Lock smart lock","{'tool_name': 'HassTurnOn', 'tool_args': {'name': 'Smart Lock', 'domain': ['lock']}}","The smart lock is now locked.","eval-test_expected_states","Good",""
"home1_us_lock_smart_lock-lock_smart_lock-2","mistral-large-2512","lock","Lock smart lock","{'tool_name': 'HassTurnOn', 'tool_args': {'name': 'Smart Lock', 'domain': ['lock']}}","The smart lock is now locked.","eval-test_expected_states","Good",""
"home1_us_lock_smart_lock-lock_smart_lock-3","mistral-large-2512","lock","Lock smart lock","{'tool_name': 'HassTurnOn', 'tool_args': {'name': 'Smart Lock', 'domain': ['lock']}}","The smart lock is now locked.","eval-test_expected_states","Good",""
"home1_us_lock_smart_lock-lock_the_entry_lock-0","mistral-large-2512","lock","Lock the entry lock","{'tool_name': 'HassTurnOn', 'tool_args': {'name': 'Smart Lock', 'domain': ['lock']}}","The entry lock is now locked.","eval-test_expected_states","Good",""
"home1_us_lock_smart_lock-lock_the_entry_lock-1","mistral-large-2512","lock","Lock the entry lock","{'tool_name': 'HassTurnOn', 'tool_args': {'name': 'Smart Lock', 'domain': ['lock']}}","The entry lock is now locked.","eval-test_expected_states","Good",""
"home1_us_lock_smart_lock-lock_the_entry_lock-2","mistral-large-2512","lock","Lock the entry lock","{'tool_name': 'HassTurnOn', 'tool_args': {'name': 'Smart Lock', 'domain': ['lock']}}","The entry lock is now locked.","eval-test_expected_states","Good",""
"home1_us_lock_smart_lock-lock_the_entry_lock-3","mistral-large-2512","lock","Lock the entry lock","{'tool_name': 'HassTurnOn', 'tool_args': {'name': 'Smart Lock', 'domain': ['lock']}}","The entry lock is now locked.","eval-test_expected_states","Good",""
"home1_us_lock_smart_lock-unlock_smart_lock-0","mistral-large-2512","lock","Unlock smart lock","{'tool_name': 'HassTurnOff', 'tool_args': {'name': 'Smart Lock', 'domain': ['lock']}}","The smart lock is unlocked.","eval-test_expected_states","Good",""
"home1_us_lock_smart_lock-unlock_smart_lock-1","mistral-large-2512","lock","Unlock smart lock","{'tool_name': 'HassTurnOff', 'tool_args': {'name': 'Smart Lock', 'domain': ['lock']}}","The smart lock is unlocked.","eval-test_expected_states","Good",""
"home1_us_lock_smart_lock-unlock_smart_lock-2","mistral-large-2512","lock","Unlock smart lock","{'tool_name': 'HassTurnOff', 'tool_args': {'name': 'Smart Lock', 'domain': ['lock']}}","The smart lock is unlocked.","eval-test_expected_states","Good",""
"home1_us_lock_smart_lock-unlock_smart_lock-3","mistral-large-2512","lock","Unlock smart lock","{'tool_name': 'HassTurnOff', 'tool_args': {'name': 'Smart Lock', 'domain': ['lock']}}","The smart lock is unlocked.","eval-test_expected_states","Good",""
"home1_us_lock_smart_lock-unlock_the_entry_lock-0","mistral-large-2512","lock","Unlock the entry lock","{'tool_name': 'HassTurnOff', 'tool_args': {'name': 'Smart Lock', 'domain': ['lock']}}","The entry lock is unlocked.","eval-test_expected_states","Good",""
"home1_us_lock_smart_lock-unlock_the_entry_lock-1","mistral-large-2512","lock","Unlock the entry lock","{'tool_name': 'HassTurnOff', 'tool_args': {'name': 'Smart Lock', 'domain': ['lock']}}","The entry lock is unlocked.","eval-test_expected_states","Good",""
"home1_us_lock_smart_lock-unlock_the_entry_lock-2","mistral-large-2512","lock","Unlock the entry lock","{'tool_name': 'HassTurnOff', 'tool_args': {'name': 'Smart Lock', 'domain': ['lock']}}","The entry lock is unlocked.","eval-test_expected_states","Good",""
"home1_us_lock_smart_lock-unlock_the_entry_lock-3","mistral-large-2512","lock","Unlock the entry lock","{'tool_name': 'HassTurnOff', 'tool_args': {'name': 'Smart Lock', 'domain': ['lock']}}","The entry lock is unlocked.","eval-test_expected_states","Good",""
"home1_us_vacuum_vacuum-return_roborock_downstairs_to_base-0","mistral-large-2512","vacuum","Return Roborock Downstairs to base","{'tool_name': 'HassVacuumReturnToBase', 'tool_args': {'name': 'Roborock Downstairs', 'domain': ['vacuum']}}","Roborock Downstairs is returning to its base.","eval-test_expected_states","Good",""
"home1_us_vacuum_vacuum-return_roborock_downstairs_to_base-1","mistral-large-2512","vacuum","Return Roborock Downstairs to base","{'tool_name': 'HassTurnOff', 'tool_args': {'name': 'Roborock Downstairs', 'domain': ['vacuum']}}","Roborock Downstairs is returning to its base.","eval-test_expected_states","Good",""
"home1_us_vacuum_vacuum-return_roborock_downstairs_to_base-2","mistral-large-2512","vacuum","Return Roborock Downstairs to base","{'tool_name': 'HassTurnOff', 'tool_args': {'name': 'Roborock Downstairs', 'domain': ['vacuum']}}","Roborock Downstairs is returning to its base.","eval-test_expected_states","Good",""
"home1_us_vacuum_vacuum-return_roborock_downstairs_to_base-3","mistral-large-2512","vacuum","Return Roborock Downstairs to base","{'tool_name': 'HassTurnOff', 'tool_args': {'name': 'Roborock Downstairs', 'domain': ['vacuum']}}","Roborock Downstairs is returning to its base.","eval-test_expected_states","Good",""
"home1_us_vacuum_vacuum-return_vacuum_in_the_living_room_to_base-0","mistral-large-2512","vacuum","Return vacuum in the living room to base","{'tool_name': 'HassVacuumReturnToBase', 'tool_args': {'domain': ['vacuum'], 'area': 'Living Room'}}","The vacuum in the living room is returning to its base.","eval-test_expected_states","Good",""
"home1_us_vacuum_vacuum-return_vacuum_in_the_living_room_to_base-1","mistral-large-2512","vacuum","Return vacuum in the living room to base","{'tool_name': 'HassVacuumReturnToBase', 'tool_args': {'name': 'Roborock Downstairs', 'area': 'Living Room', 'domain': ['vacuum']}}","Roborock Downstairs is returning to base.","eval-test_expected_states","Good",""
"home1_us_vacuum_vacuum-return_vacuum_in_the_living_room_to_base-2","mistral-large-2512","vacuum","Return vacuum in the living room to base","{'tool_name': 'HassTurnOff', 'tool_args': {'name': 'Roborock Downstairs', 'domain': ['vacuum']}}","The vacuum in the living room is returning to its base.","eval-test_expected_states","Good",""
"home1_us_vacuum_vacuum-return_vacuum_in_the_living_room_to_base-3","mistral-large-2512","vacuum","Return vacuum in the living room to base","{'tool_name': 'HassTurnOff', 'tool_args': {'name': 'Roborock Downstairs', 'domain': ['vacuum']}}","The vacuum in the living room is returning to its base.","eval-test_expected_states","Good",""
"home1_us_vacuum_vacuum-start_roborock_downstairs_vacuum-0","mistral-large-2512","vacuum","Start Roborock Downstairs vacuum","{'tool_name': 'HassVacuumStart', 'tool_args': {'name': 'Roborock Downstairs', 'domain': ['vacuum']}}","Roborock Downstairs is starting.","eval-test_expected_states","Good",""
"home1_us_vacuum_vacuum-start_roborock_downstairs_vacuum-1","mistral-large-2512","vacuum","Start Roborock Downstairs vacuum","{'tool_name': 'HassVacuumStart', 'tool_args': {'name': 'Roborock Downstairs', 'domain': ['vacuum']}}","Roborock Downstairs has started cleaning.","eval-test_expected_states","Good",""
"home1_us_vacuum_vacuum-start_roborock_downstairs_vacuum-2","mistral-large-2512","vacuum","Start Roborock Downstairs vacuum","{'tool_name': 'HassVacuumStart', 'tool_args': {'name': 'Roborock Downstairs', 'domain': ['vacuum']}}","Roborock Downstairs has started cleaning.","eval-test_expected_states","Good",""
"home1_us_vacuum_vacuum-start_roborock_downstairs_vacuum-3","mistral-large-2512","vacuum","Start Roborock Downstairs vacuum","{'tool_name': 'HassVacuumStart', 'tool_args': {'name': 'Roborock Downstairs', 'domain': ['vacuum']}}","Roborock Downstairs has started cleaning.","eval-test_expected_states","Good",""
"home1_us_vacuum_vacuum-start_vacuum_in_the_living_room-0","mistral-large-2512","vacuum","Start vacuum in the living room","{'tool_name': 'HassVacuumStart', 'tool_args': {'domain': ['vacuum'], 'area': 'Living Room'}}","Roborock Downstairs is starting in the living room.","eval-test_expected_states","Good",""
"home1_us_vacuum_vacuum-start_vacuum_in_the_living_room-1","mistral-large-2512","vacuum","Start vacuum in the living room","{'tool_name': 'HassVacuumStart', 'tool_args': {'domain': ['vacuum'], 'area': 'Living Room'}}","Roborock Downstairs is starting in the living room.","eval-test_expected_states","Good",""
"home1_us_vacuum_vacuum-start_vacuum_in_the_living_room-2","mistral-large-2512","vacuum","Start vacuum in the living room","{'tool_name': 'HassVacuumStart', 'tool_args': {'domain': ['vacuum'], 'area': 'Living Room'}}","Roborock Downstairs is starting in the living room.","eval-test_expected_states","Good",""
"home1_us_vacuum_vacuum-start_vacuum_in_the_living_room-3","mistral-large-2512","vacuum","Start vacuum in the living room","{'tool_name': 'HassVacuumStart', 'tool_args': {'domain': ['vacuum'], 'area': 'Living Room'}}","Roborock Downstairs is starting in the living room.","eval-test_expected_states","Good",""
"home2_ru_valve_water_valve-close_the_front_yard_valve-0","mistral-large-2512","valve","close the front yard valve","{'tool_name': 'HassTurnOff', 'tool_args': {'name': 'Irrigation Valve', 'domain': ['valve']}}","The front yard irrigation valve is closed.","eval-test_expected_states","Good",""
"home2_ru_valve_water_valve-close_the_front_yard_valve-1","mistral-large-2512","valve","close the front yard valve","{'tool_name': 'HassTurnOff', 'tool_args': {'name': 'Irrigation Valve', 'domain': ['valve']}}","The front yard irrigation valve is closed.","eval-test_expected_states","Good",""
"home2_ru_valve_water_valve-close_the_front_yard_valve-2","mistral-large-2512","valve","close the front yard valve","{'tool_name': 'HassTurnOff', 'tool_args': {'name': 'Irrigation Valve', 'domain': ['valve']}}","The front yard irrigation valve is closed.","eval-test_expected_states","Good",""
"home2_ru_valve_water_valve-close_the_front_yard_valve-3","mistral-large-2512","valve","close the front yard valve","{'tool_name': 'HassTurnOff', 'tool_args': {'name': 'Irrigation Valve', 'domain': ['valve']}}","The front yard irrigation valve is closed.","eval-test_expected_states","Good",""
"home2_ru_valve_water_valve-close_the_irrigation_valve-0","mistral-large-2512","valve","close the irrigation valve","{'tool_name': 'HassTurnOff', 'tool_args': {'name': 'Irrigation Valve', 'domain': ['valve']}}","The irrigation valve in the front yard is now closed.","eval-test_expected_states","Good",""
"home2_ru_valve_water_valve-close_the_irrigation_valve-1","mistral-large-2512","valve","close the irrigation valve","{'tool_name': 'HassTurnOff', 'tool_args': {'name': 'Irrigation Valve', 'domain': ['valve']}}","The irrigation valve in the front yard is now closed.","eval-test_expected_states","Good",""
"home2_ru_valve_water_valve-close_the_irrigation_valve-2","mistral-large-2512","valve","close the irrigation valve","{'tool_name': 'HassTurnOff', 'tool_args': {'name': 'Irrigation Valve', 'domain': ['valve']}}","The irrigation valve in the front yard is now closed.","eval-test_expected_states","Good",""
"home2_ru_valve_water_valve-close_the_irrigation_valve-3","mistral-large-2512","valve","close the irrigation valve","{'tool_name': 'HassTurnOff', 'tool_args': {'name': 'Irrigation Valve', 'domain': ['valve']}}","The irrigation valve in the front yard is now closed.","eval-test_expected_states","Good",""
"home2_ru_valve_water_valve-open_the_front_yard_valve-0","mistral-large-2512","valve","open the front yard valve","{'tool_name': 'HassTurnOn', 'tool_args': {'name': 'Irrigation Valve', 'domain': ['valve']}}","The front yard valve is now open.","eval-test_expected_states","Good",""
"home2_ru_valve_water_valve-open_the_front_yard_valve-1","mistral-large-2512","valve","open the front yard valve","{'tool_name': 'HassTurnOn', 'tool_args': {'name': 'Irrigation Valve', 'domain': ['valve'], 'area': 'Front yard'}}","The **Front Yard Irrigation Valve** is now open.","eval-test_expected_states","Good",""
"home2_ru_valve_water_valve-open_the_front_yard_valve-2","mistral-large-2512","valve","open the front yard valve","{'tool_name': 'HassTurnOn', 'tool_args': {'name': 'Irrigation Valve', 'domain': ['valve']}}","The front yard irrigation valve is now open.","eval-test_expected_states","Good",""
"home2_ru_valve_water_valve-open_the_front_yard_valve-3","mistral-large-2512","valve","open the front yard valve","{'tool_name': 'HassTurnOn', 'tool_args': {'name': 'Irrigation Valve', 'domain': ['valve'], 'area': 'Front yard'}}","The front yard irrigation valve is open.","eval-test_expected_states","Good",""
"home2_ru_valve_water_valve-open_the_irrigation_valve-0","mistral-large-2512","valve","open the irrigation valve","{'tool_name': 'HassTurnOn', 'tool_args': {'name': 'Irrigation Valve', 'domain': ['valve']}}","The irrigation valve in the front yard is now open.","eval-test_expected_states","Good",""
"home2_ru_valve_water_valve-open_the_irrigation_valve-1","mistral-large-2512","valve","open the irrigation valve","{'tool_name': 'HassTurnOn', 'tool_args': {'name': 'Irrigation Valve', 'domain': ['valve']}}","The irrigation valve in the front yard is now open.","eval-test_expected_states","Good",""
"home2_ru_valve_water_valve-open_the_irrigation_valve-2","mistral-large-2512","valve","open the irrigation valve","{'tool_name': 'HassTurnOn', 'tool_args': {'name': 'Irrigation Valve', 'domain': ['valve']}}","The irrigation valve in the front yard is now open.","eval-test_expected_states","Good",""
"home2_ru_valve_water_valve-open_the_irrigation_valve-3","mistral-large-2512","valve","open the irrigation valve","{'tool_name': 'HassTurnOn', 'tool_args': {'name': 'Irrigation Valve', 'domain': ['valve']}}","The irrigation valve in the front yard is now open.","eval-test_expected_states","Good",""
"home2_ru_valve_water_valve-set_the_irrigation_valve_to_50-0","mistral-large-2512","valve","set the irrigation valve to 50%","{'tool_name': 'HassSetPosition', 'tool_args': {'position': 50, 'name': 'Irrigation Valve', 'domain': ['valve']}}","The irrigation valve in the front yard has been set to 50%.","eval-test_expected_states","Good",""
"home2_ru_valve_water_valve-set_the_irrigation_valve_to_50-1","mistral-large-2512","valve","set the irrigation valve to 50%","{'tool_name': 'HassSetPosition', 'tool_args': {'name': 'Irrigation Valve', 'position': 50}}","The irrigation valve in the front yard has been set to **50%**.","eval-test_expected_states","Good",""
"home2_ru_valve_water_valve-set_the_irrigation_valve_to_50-2","mistral-large-2512","valve","set the irrigation valve to 50%","{'tool_name': 'HassSetPosition', 'tool_args': {'position': 50, 'domain': ['valve'], 'name': 'Irrigation Valve'}}","The irrigation valve in the front yard is set to 50%.","eval-test_expected_states","Good",""
"home2_ru_valve_water_valve-set_the_irrigation_valve_to_50-3","mistral-large-2512","valve","set the irrigation valve to 50%","{'tool_name': 'HassSetPosition', 'tool_args': {'position': 50, 'name': 'Irrigation Valve', 'domain': ['valve']}}","The irrigation valve in the front yard is now set to 50%.","eval-test_expected_states","Good",""
"home5_cn_fan_fan-turn_off_the_bedroom_1_fan-0","mistral-large-2512","fan","Turn off the bedroom 1 fan","{'tool_name': 'HassTurnOff', 'tool_args': {'domain': ['fan'], 'area': 'Bedroom 1'}}","The **Bedroom Fan** has been turned off.","eval-test_expected_states","Good",""
"home5_cn_fan_fan-turn_off_the_bedroom_1_fan-1","mistral-large-2512","fan","Turn off the bedroom 1 fan","{'tool_name': 'HassTurnOff', 'tool_args': {'domain': ['fan'], 'area': 'Bedroom 1'}}","The **Bedroom Fan** has been turned off.","eval-test_expected_states","Good",""
"home5_cn_fan_fan-turn_off_the_bedroom_1_fan-2","mistral-large-2512","fan","Turn off the bedroom 1 fan","{'tool_name': 'HassTurnOff', 'tool_args': {'name': 'Bedroom Fan', 'domain': ['fan']}}","The bedroom fan is turned off.","eval-test_expected_states","Good",""
"home5_cn_fan_fan-turn_off_the_bedroom_1_fan-3","mistral-large-2512","fan","Turn off the bedroom 1 fan","{'tool_name': 'HassTurnOff', 'tool_args': {'domain': ['fan'], 'area': 'Bedroom 1'}}","The **Bedroom Fan** has been turned off.","eval-test_expected_states","Good",""
"home5_cn_fan_fan-turn_off_the_bedroom_fan-0","mistral-large-2512","fan","Turn off the bedroom fan","{'tool_name': 'HassTurnOff', 'tool_args': {'domain': ['fan'], 'area': 'Bedroom 1'}}","The bedroom fan is turned off.","eval-test_expected_states","Good",""
"home5_cn_fan_fan-turn_off_the_bedroom_fan-1","mistral-large-2512","fan","Turn off the bedroom fan","{'tool_name': 'HassTurnOff', 'tool_args': {'name': 'Bedroom Fan', 'domain': ['fan']}}","The bedroom fan is turned off.","eval-test_expected_states","Good",""
"home5_cn_fan_fan-turn_off_the_bedroom_fan-2","mistral-large-2512","fan","Turn off the bedroom fan","{'tool_name': 'HassTurnOff', 'tool_args': {'domain': ['fan'], 'area': 'Bedroom 1'}}","The bedroom fan is turned off.","eval-test_expected_states","Good",""
"home5_cn_fan_fan-turn_off_the_bedroom_fan-3","mistral-large-2512","fan","Turn off the bedroom fan","{'tool_name': 'HassTurnOff', 'tool_args': {'domain': ['fan'], 'area': 'Bedroom 1'}}","The bedroom fan is turned off.","eval-test_expected_states","Good",""
"home5_cn_fan_fan-turn_on_the_bedroom_1_fan-0","mistral-large-2512","fan","Turn on the bedroom 1 fan","{'tool_name': 'HassTurnOn', 'tool_args': {'domain': ['fan'], 'area': 'Bedroom 1'}}","The **Bedroom Fan** is now on.","eval-test_expected_states","Good",""
"home5_cn_fan_fan-turn_on_the_bedroom_1_fan-1","mistral-large-2512","fan","Turn on the bedroom 1 fan","{'tool_name': 'HassTurnOn', 'tool_args': {'domain': ['fan'], 'area': 'Bedroom 1'}}","The **Bedroom Fan** is now on.","eval-test_expected_states","Good",""
"home5_cn_fan_fan-turn_on_the_bedroom_1_fan-2","mistral-large-2512","fan","Turn on the bedroom 1 fan","{'tool_name': 'HassTurnOn', 'tool_args': {'domain': ['fan'], 'area': 'Bedroom 1'}}","The **Bedroom Fan** is now on.","eval-test_expected_states","Good",""
"home5_cn_fan_fan-turn_on_the_bedroom_1_fan-3","mistral-large-2512","fan","Turn on the bedroom 1 fan","{'tool_name': 'HassTurnOn', 'tool_args': {'domain': ['fan'], 'area': 'Bedroom 1'}}","The **Bedroom Fan** is now on.","eval-test_expected_states","Good",""
"home5_cn_fan_fan-turn_on_the_bedroom_fan-0","mistral-large-2512","fan","Turn on the bedroom fan","{'tool_name': 'HassTurnOn', 'tool_args': {'domain': ['fan'], 'area': 'Bedroom 1'}}","The bedroom fan is on.","eval-test_expected_states","Good",""
"home5_cn_fan_fan-turn_on_the_bedroom_fan-1","mistral-large-2512","fan","Turn on the bedroom fan","{'tool_name': 'HassTurnOn', 'tool_args': {'domain': ['fan'], 'area': 'Bedroom 1'}}","The bedroom fan is on.","eval-test_expected_states","Good",""
"home5_cn_fan_fan-turn_on_the_bedroom_fan-2","mistral-large-2512","fan","Turn on the bedroom fan","{'tool_name': 'HassTurnOn', 'tool_args': {'domain': ['fan'], 'area': 'Bedroom 1'}}","The bedroom fan is on.","eval-test_expected_states","Good",""
"home5_cn_fan_fan-turn_on_the_bedroom_fan-3","mistral-large-2512","fan","Turn on the bedroom fan","{'tool_name': 'HassTurnOn', 'tool_args': {'name': 'Bedroom Fan', 'domain': ['fan']}}","The bedroom fan is turning on.","eval-test_expected_states","Good",""
"home5_cn_light_light-set_the_living_room_light_to_50_brightness-0","mistral-large-2512","light","Set the living room light to 50% brightness","{'tool_name': 'HassLightSet', 'tool_args': {'brightness': 50, 'domain': ['light'], 'area': 'Living Room'}}","The living room light has been set to 50% brightness.","eval-test_expected_states","Good",""
"home5_cn_light_light-set_the_living_room_light_to_50_brightness-1","mistral-large-2512","light","Set the living room light to 50% brightness","{'tool_name': 'HassLightSet', 'tool_args': {'brightness': 50, 'domain': ['light'], 'area': 'Living Room'}}","The living room light is now set to 50% brightness.","eval-test_expected_states","Good",""
"home5_cn_light_light-set_the_living_room_light_to_50_brightness-2","mistral-large-2512","light","Set the living room light to 50% brightness","{'tool_name': 'HassLightSet', 'tool_args': {'brightness': 50, 'domain': ['light'], 'area': 'Living Room'}}","The living room light has been set to 50% brightness.","eval-test_expected_states","Good",""
"home5_cn_light_light-set_the_living_room_light_to_50_brightness-3","mistral-large-2512","light","Set the living room light to 50% brightness","{'tool_name': 'HassLightSet', 'tool_args': {'brightness': 50, 'domain': ['light'], 'area': 'Living Room'}}","The living room light has been set to 50% brightness.","eval-test_expected_states","Good",""
"home7_dk_cover_curtain_cover_curtain-close_the_living_room_curtains-0","mistral-large-2512","cover","Close the living room curtains","{'tool_name': 'HassTurnOn', 'tool_args': {'domain': ['cover'], 'area': 'Living Room'}}","The living room curtains are now closed.","eval-test_expected_states","Bad","AssertionError: assert not {'cover.smart_curtain': {'expected': {'state': 'closed'}, 'got': {'state': 'open'}}}"
"home7_dk_cover_curtain_cover_curtain-close_the_living_room_curtains-1","mistral-large-2512","cover","Close the living room curtains","{'tool_name': 'HassTurnOn', 'tool_args': {'domain': ['cover'], 'area': 'Living Room'}}","The living room curtains are closing.","eval-test_expected_states","Bad","AssertionError: assert not {'cover.smart_curtain': {'expected': {'state': 'closed'}, 'got': {'state': 'open'}}}"
"home7_dk_cover_curtain_cover_curtain-close_the_living_room_curtains-2","mistral-large-2512","cover","Close the living room curtains","{'tool_name': 'HassTurnOff', 'tool_args': {'name': 'Smart Curtain', 'domain': ['cover']}}","The living room curtains are closing.","eval-test_expected_states","Good",""
"home7_dk_cover_curtain_cover_curtain-close_the_living_room_curtains-3","mistral-large-2512","cover","Close the living room curtains","{'tool_name': 'HassTurnOff', 'tool_args': {'domain': ['cover'], 'area': 'Living Room'}}","The living room curtains are closing.","eval-test_expected_states","Good",""
"home7_dk_cover_curtain_cover_curtain-close_the_living_room_smart_curtain-0","mistral-large-2512","cover","Close the living room smart curtain","{'tool_name': 'HassTurnOff', 'tool_args': {'name': 'Smart Curtain', 'domain': ['cover']}}","The living room smart curtain is closing.","eval-test_expected_states","Good",""
"home7_dk_cover_curtain_cover_curtain-close_the_living_room_smart_curtain-1","mistral-large-2512","cover","Close the living room smart curtain","{'tool_name': 'HassTurnOff', 'tool_args': {'name': 'Smart Curtain', 'domain': ['cover']}}","The living room smart curtain is closing.","eval-test_expected_states","Good",""
"home7_dk_cover_curtain_cover_curtain-close_the_living_room_smart_curtain-2","mistral-large-2512","cover","Close the living room smart curtain","{'tool_name': 'HassTurnOff', 'tool_args': {'name': 'Smart Curtain', 'domain': ['cover']}}","The living room smart curtain is closing.","eval-test_expected_states","Good",""
"home7_dk_cover_curtain_cover_curtain-close_the_living_room_smart_curtain-3","mistral-large-2512","cover","Close the living room smart curtain","{'tool_name': 'HassTurnOff', 'tool_args': {'name': 'Smart Curtain', 'domain': ['cover']}}","The living room smart curtain is closing.","eval-test_expected_states","Good",""
"home7_dk_cover_curtain_cover_curtain-close_the_smart_curtains-0","mistral-large-2512","cover","Close the smart curtains","{'tool_name': 'HassTurnOff', 'tool_args': {'name': 'Smart Curtain', 'domain': ['cover']}}","The smart curtains in the living room are closing.","eval-test_expected_states","Good",""
"home7_dk_cover_curtain_cover_curtain-close_the_smart_curtains-1","mistral-large-2512","cover","Close the smart curtains","{'tool_name': 'HassTurnOff', 'tool_args': {'name': 'Smart Curtain', 'domain': ['cover']}}","The smart curtains are closing.","eval-test_expected_states","Good",""
"home7_dk_cover_curtain_cover_curtain-close_the_smart_curtains-2","mistral-large-2512","cover","Close the smart curtains","{'tool_name': 'HassTurnOff', 'tool_args': {'name': 'Smart Curtain', 'domain': ['cover']}}","The smart curtains are closing.","eval-test_expected_states","Good",""
"home7_dk_cover_curtain_cover_curtain-close_the_smart_curtains-3","mistral-large-2512","cover","Close the smart curtains","{'tool_name': 'HassTurnOff', 'tool_args': {'domain': ['cover'], 'device_class': ['curtain'], 'area': 'Living Room'}}","The smart curtains in the living room are closing.","eval-test_expected_states","Good",""
"home7_dk_cover_curtain_cover_curtain-open_the_living_room_curtains-0","mistral-large-2512","cover","Open the living room curtains","{'tool_name': 'HassTurnOn', 'tool_args': {'domain': ['cover'], 'device_class': ['curtain'], 'area': 'Living Room'}}","The living room curtains are opening.","eval-test_expected_states","Good",""
"home7_dk_cover_curtain_cover_curtain-open_the_living_room_curtains-1","mistral-large-2512","cover","Open the living room curtains","{'tool_name': 'HassTurnOn', 'tool_args': {'domain': ['cover'], 'device_class': ['curtain'], 'area': 'Living Room'}}","The living room curtains are opening.","eval-test_expected_states","Good",""
"home7_dk_cover_curtain_cover_curtain-open_the_living_room_curtains-2","mistral-large-2512","cover","Open the living room curtains","{'tool_name': 'HassTurnOn', 'tool_args': {'domain': ['cover'], 'device_class': ['curtain'], 'area': 'Living Room'}}","The living room curtains are opening.","eval-test_expected_states","Good",""
"home7_dk_cover_curtain_cover_curtain-open_the_living_room_curtains-3","mistral-large-2512","cover","Open the living room curtains","{'tool_name': 'HassTurnOn', 'tool_args': {'domain': ['cover'], 'device_class': ['curtain'], 'area': 'Living Room'}}","The living room curtains are opening.","eval-test_expected_states","Good",""
"home7_dk_cover_curtain_cover_curtain-open_the_living_room_smart_curtain-0","mistral-large-2512","cover","Open the living room smart curtain","{'tool_name': 'HassTurnOn', 'tool_args': {'domain': ['cover'], 'device_class': ['curtain'], 'area': 'Living Room'}}","The living room smart curtain is opening.","eval-test_expected_states","Good",""
"home7_dk_cover_curtain_cover_curtain-open_the_living_room_smart_curtain-1","mistral-large-2512","cover","Open the living room smart curtain","{'tool_name': 'HassTurnOn', 'tool_args': {'domain': ['cover'], 'device_class': ['curtain'], 'area': 'Living Room'}}","The living room smart curtain is opening.","eval-test_expected_states","Good",""
"home7_dk_cover_curtain_cover_curtain-open_the_living_room_smart_curtain-2","mistral-large-2512","cover","Open the living room smart curtain","{'tool_name': 'HassTurnOn', 'tool_args': {'domain': ['cover'], 'device_class': ['curtain'], 'area': 'Living Room'}}","The living room smart curtain is opening.","eval-test_expected_states","Good",""
"home7_dk_cover_curtain_cover_curtain-open_the_living_room_smart_curtain-3","mistral-large-2512","cover","Open the living room smart curtain","{'tool_name': 'HassTurnOn', 'tool_args': {'domain': ['cover'], 'device_class': ['curtain'], 'area': 'Living Room'}}","The living room smart curtain is opening.","eval-test_expected_states","Good",""
"home7_dk_cover_curtain_cover_curtain-open_the_smart_curtain-0","mistral-large-2512","cover","Open the smart curtain","{'tool_name': 'HassTurnOn', 'tool_args': {'name': 'Smart Curtain', 'domain': ['cover']}}","The smart curtain in the living room is opening.","eval-test_expected_states","Good",""
"home7_dk_cover_curtain_cover_curtain-open_the_smart_curtain-1","mistral-large-2512","cover","Open the smart curtain","{'tool_name': 'HassTurnOn', 'tool_args': {'name': 'Smart Curtain', 'domain': ['cover']}}","The smart curtain in the living room is opening.","eval-test_expected_states","Good",""
"home7_dk_cover_curtain_cover_curtain-open_the_smart_curtain-2","mistral-large-2512","cover","Open the smart curtain","{'tool_name': 'HassTurnOn', 'tool_args': {'domain': ['cover'], 'device_class': ['curtain'], 'name': 'Smart Curtain'}}","The smart curtain in the living room is opening.","eval-test_expected_states","Good",""
"home7_dk_cover_curtain_cover_curtain-open_the_smart_curtain-3","mistral-large-2512","cover","Open the smart curtain","{'tool_name': 'HassTurnOn', 'tool_args': {'domain': ['cover'], 'device_class': ['curtain'], 'name': 'Smart Curtain'}}","The smart curtain in the living room is opening.","eval-test_expected_states","Good",""
"home7_dk_cover_curtain_cover_curtain-set_the_living_room_curtains_to_50-0","mistral-large-2512","cover","Set the living room curtains to 50%","{'tool_name': 'HassSetPosition', 'tool_args': {'name': 'Smart Curtain', 'domain': ['cover'], 'position': 50}}","The living room curtains have been set to 50%.","eval-test_expected_states","Good",""
"home7_dk_cover_curtain_cover_curtain-set_the_living_room_curtains_to_50-1","mistral-large-2512","cover","Set the living room curtains to 50%","{'tool_name': 'HassSetPosition', 'tool_args': {'name': 'Smart Curtain', 'domain': ['cover'], 'position': 50}}","The living room curtains have been set to 50%.","eval-test_expected_states","Good",""
"home7_dk_cover_curtain_cover_curtain-set_the_living_room_curtains_to_50-2","mistral-large-2512","cover","Set the living room curtains to 50%","{'tool_name': 'HassSetPosition', 'tool_args': {'name': 'Smart Curtain', 'area': 'Living Room', 'domain': ['cover'], 'device_class': ['curtain'], 'position': 50}}","The living room curtains have been set to 50%.","eval-test_expected_states","Good",""
"home7_dk_cover_curtain_cover_curtain-set_the_living_room_curtains_to_50-3","mistral-large-2512","cover","Set the living room curtains to 50%","{'tool_name': 'HassSetPosition', 'tool_args': {'name': 'Smart Curtain', 'domain': ['cover'], 'position': 50}}","The living room curtains have been set to 50%.","eval-test_expected_states","Good",""
"home7_dk_cover_curtain_cover_curtain-set_the_smart_curtain_to_50-0","mistral-large-2512","cover","Set the smart curtain to 50%","{'tool_name': 'HassSetPosition', 'tool_args': {'position': 50, 'name': 'Smart Curtain', 'domain': ['cover']}}","The smart curtain in the living room has been set to 50%.","eval-test_expected_states","Good",""
"home7_dk_cover_curtain_cover_curtain-set_the_smart_curtain_to_50-1","mistral-large-2512","cover","Set the smart curtain to 50%","{'tool_name': 'HassSetPosition', 'tool_args': {'position': 50, 'name': 'Smart Curtain', 'domain': ['cover']}}","The smart curtain has been set to 50%.","eval-test_expected_states","Good",""
"home7_dk_cover_curtain_cover_curtain-set_the_smart_curtain_to_50-2","mistral-large-2512","cover","Set the smart curtain to 50%","{'tool_name': 'HassSetPosition', 'tool_args': {'position': 50, 'name': 'Smart Curtain', 'domain': ['cover']}}","The smart curtain has been set to 50%.","eval-test_expected_states","Good",""
"home7_dk_cover_curtain_cover_curtain-set_the_smart_curtain_to_50-3","mistral-large-2512","cover","Set the smart curtain to 50%","{'tool_name': 'HassSetPosition', 'tool_args': {'position': 50, 'domain': ['cover'], 'name': 'Smart Curtain'}}","The smart curtain has been set to 50%.","eval-test_expected_states","Good",""
"home7_dk_media_player_media_player-mute_the_outdoor_speakers-0","mistral-large-2512","media-player","Mute the outdoor speakers","{'tool_name': 'HassMediaPlayerMute', 'tool_args': {'domain': ['media_player'], 'area': 'Rooftop Terrace'}}","The outdoor speakers are now muted.","eval-test_expected_states","Bad","AssertionError: assert not {'media_player.outdoor_speakers': {'expected': {'is_volume_muted': None, 'volume_level': 0.0}, 'got': {'is_volume_muted': True, 'volume_level': 0.6}}}"
"home7_dk_media_player_media_player-mute_the_outdoor_speakers-1","mistral-large-2512","media-player","Mute the outdoor speakers","{'tool_name': 'HassMediaPlayerMute', 'tool_args': {'domain': ['media_player'], 'area': 'Rooftop Terrace'}}","The outdoor speakers are now muted.","eval-test_expected_states","Bad","AssertionError: assert not {'media_player.outdoor_speakers': {'expected': {'is_volume_muted': None, 'volume_level': 0.0}, 'got': {'is_volume_muted': True, 'volume_level': 0.6}}}"
"home7_dk_media_player_media_player-mute_the_outdoor_speakers-2","mistral-large-2512","media-player","Mute the outdoor speakers","{'tool_name': 'HassMediaPlayerMute', 'tool_args': {'domain': ['media_player'], 'area': 'Rooftop Terrace'}}","The outdoor speakers are now muted.","eval-test_expected_states","Bad","AssertionError: assert not {'media_player.outdoor_speakers': {'expected': {'is_volume_muted': None, 'volume_level': 0.0}, 'got': {'is_volume_muted': True, 'volume_level': 0.6}}}"
"home7_dk_media_player_media_player-mute_the_outdoor_speakers-3","mistral-large-2512","media-player","Mute the outdoor speakers","{'tool_name': 'HassMediaPlayerMute', 'tool_args': {'domain': ['media_player'], 'area': 'Rooftop Terrace'}}","The outdoor speakers are now muted.","eval-test_expected_states","Bad","AssertionError: assert not {'media_player.outdoor_speakers': {'expected': {'is_volume_muted': None, 'volume_level': 0.0}, 'got': {'is_volume_muted': True, 'volume_level': 0.6}}}"
"home7_dk_media_player_media_player-pause_outdoor_speakers-0","mistral-large-2512","media-player","Pause Outdoor Speakers","{'tool_name': 'HassMediaPause', 'tool_args': {'name': 'Outdoor Speakers'}}","The Outdoor Speakers have been paused.","eval-test_expected_states","Good",""
"home7_dk_media_player_media_player-pause_outdoor_speakers-1","mistral-large-2512","media-player","Pause Outdoor Speakers","{'tool_name': 'HassMediaPause', 'tool_args': {'name': 'Outdoor Speakers'}}","The **Outdoor Speakers** have been paused.","eval-test_expected_states","Good",""
"home7_dk_media_player_media_player-pause_outdoor_speakers-2","mistral-large-2512","media-player","Pause Outdoor Speakers","{'tool_name': 'HassMediaPause', 'tool_args': {'name': 'Outdoor Speakers'}}","The Outdoor Speakers have been paused.","eval-test_expected_states","Good",""
"home7_dk_media_player_media_player-pause_outdoor_speakers-3","mistral-large-2512","media-player","Pause Outdoor Speakers","{'tool_name': 'HassMediaPause', 'tool_args': {'name': 'Outdoor Speakers'}}","The Outdoor Speakers have been paused.","eval-test_expected_states","Good",""
"home7_dk_media_player_media_player-pause_the_rooftop_terrace_music-0","mistral-large-2512","media-player","Pause the Rooftop Terrace music","{'tool_name': 'HassMediaPause', 'tool_args': {'area': 'Rooftop Terrace', 'domain': ['media_player']}}","The music on the Rooftop Terrace has been paused.","eval-test_expected_states","Good",""
"home7_dk_media_player_media_player-pause_the_rooftop_terrace_music-1","mistral-large-2512","media-player","Pause the Rooftop Terrace music","{'tool_name': 'HassMediaPause', 'tool_args': {'area': 'Rooftop Terrace', 'domain': ['media_player']}}","The music on the Rooftop Terrace has been paused.","eval-test_expected_states","Good",""
"home7_dk_media_player_media_player-pause_the_rooftop_terrace_music-2","mistral-large-2512","media-player","Pause the Rooftop Terrace music","{'tool_name': 'HassMediaPause', 'tool_args': {'area': 'Rooftop Terrace', 'domain': ['media_player']}}","The music on the Rooftop Terrace has been paused.","eval-test_expected_states","Good",""
"home7_dk_media_player_media_player-pause_the_rooftop_terrace_music-3","mistral-large-2512","media-player","Pause the Rooftop Terrace music","{'tool_name': 'HassMediaPause', 'tool_args': {'area': 'Rooftop Terrace', 'domain': ['media_player']}}","The music on the Rooftop Terrace has been paused.","eval-test_expected_states","Good",""
"home7_dk_media_player_media_player-resume_outdoor_speakers-0","mistral-large-2512","media-player","Resume Outdoor Speakers","{'tool_name': 'HassMediaUnpause', 'tool_args': {'name': 'Outdoor Speakers'}}","The Outdoor Speakers have been resumed.","eval-test_expected_states","Good",""
"home7_dk_media_player_media_player-resume_outdoor_speakers-1","mistral-large-2512","media-player","Resume Outdoor Speakers","{'tool_name': 'HassMediaUnpause', 'tool_args': {'name': 'Outdoor Speakers'}}","The Outdoor Speakers have been resumed.","eval-test_expected_states","Good",""
"home7_dk_media_player_media_player-resume_outdoor_speakers-2","mistral-large-2512","media-player","Resume Outdoor Speakers","{'tool_name': 'HassMediaUnpause', 'tool_args': {'name': 'Outdoor Speakers'}}","The Outdoor Speakers have been resumed.","eval-test_expected_states","Good",""
"home7_dk_media_player_media_player-resume_outdoor_speakers-3","mistral-large-2512","media-player","Resume Outdoor Speakers","{'tool_name': 'HassMediaUnpause', 'tool_args': {'name': 'Outdoor Speakers'}}","The outdoor speakers have been resumed.","eval-test_expected_states","Good",""
"home7_dk_media_player_media_player-set_outdoor_speakers_volume_to_50-0","mistral-large-2512","media-player","Set outdoor speakers volume to 50%","{'tool_name': 'HassSetVolume', 'tool_args': {'volume_level': 50, 'area': 'Rooftop Terrace', 'domain': ['media_player']}}","The volume for the outdoor speakers on the rooftop terrace is now set to 50%.","eval-test_expected_states","Good",""
"home7_dk_media_player_media_player-set_outdoor_speakers_volume_to_50-1","mistral-large-2512","media-player","Set outdoor speakers volume to 50%","{'tool_name': 'HassSetVolume', 'tool_args': {'volume_level': 50, 'area': 'Rooftop Terrace', 'domain': ['media_player']}}","The volume for the outdoor speakers on the rooftop terrace is now set to 50%.","eval-test_expected_states","Good",""
"home7_dk_media_player_media_player-set_outdoor_speakers_volume_to_50-2","mistral-large-2512","media-player","Set outdoor speakers volume to 50%","{'tool_name': 'HassSetVolume', 'tool_args': {'volume_level': 50, 'area': 'Rooftop Terrace', 'domain': ['media_player']}}","The volume for the outdoor speakers on the rooftop terrace has been set to 50%.","eval-test_expected_states","Good",""
"home7_dk_media_player_media_player-set_outdoor_speakers_volume_to_50-3","mistral-large-2512","media-player","Set outdoor speakers volume to 50%","{'tool_name': 'HassSetVolume', 'tool_args': {'domain': ['media_player'], 'area': 'Rooftop Terrace', 'volume_level': 50}}","The volume for the outdoor speakers on the rooftop terrace is now set to 50%.","eval-test_expected_states","Good",""
"home7_dk_media_player_media_player-skip_song_on_outdoor_speakers-0","mistral-large-2512","media-player","Skip song on outdoor speakers","{'tool_name': 'HassMediaNext', 'tool_args': {'name': 'Outdoor Speakers'}}","Skipped the song on the outdoor speakers.","eval-test_expected_states","Good",""
"home7_dk_media_player_media_player-skip_song_on_outdoor_speakers-1","mistral-large-2512","media-player","Skip song on outdoor speakers","{'tool_name': 'HassMediaNext', 'tool_args': {'domain': ['media_player'], 'area': 'Rooftop Terrace'}}","Skipped the song on the outdoor speakers.","eval-test_expected_states","Good",""
"home7_dk_media_player_media_player-skip_song_on_outdoor_speakers-2","mistral-large-2512","media-player","Skip song on outdoor speakers","{'tool_name': 'HassMediaNext', 'tool_args': {'domain': ['media_player'], 'area': 'Rooftop Terrace'}}","Skipped the song on the outdoor speakers.","eval-test_expected_states","Good",""
"home7_dk_media_player_media_player-skip_song_on_outdoor_speakers-3","mistral-large-2512","media-player","Skip song on outdoor speakers","{'tool_name': 'HassMediaNext', 'tool_args': {'domain': ['media_player'], 'area': 'Rooftop Terrace'}}","Skipped the song on the outdoor speakers.","eval-test_expected_states","Good",""
"home7_dk_media_player_media_player-skip_to_the_next_track_on_the_outdoor_speakers-0","mistral-large-2512","media-player","Skip to the next track on the outdoor speakers","{'tool_name': 'HassMediaNext', 'tool_args': {'domain': ['media_player'], 'area': 'Rooftop Terrace'}}","Skipped to the next track on the outdoor speakers.","eval-test_expected_states","Good",""
"home7_dk_media_player_media_player-skip_to_the_next_track_on_the_outdoor_speakers-1","mistral-large-2512","media-player","Skip to the next track on the outdoor speakers","{'tool_name': 'HassMediaNext', 'tool_args': {'domain': ['media_player'], 'area': 'Rooftop Terrace'}}","Skipped to the next track on the outdoor speakers.","eval-test_expected_states","Good",""
"home7_dk_media_player_media_player-skip_to_the_next_track_on_the_outdoor_speakers-2","mistral-large-2512","media-player","Skip to the next track on the outdoor speakers","{'tool_name': 'HassMediaNext', 'tool_args': {'domain': ['media_player'], 'area': 'Rooftop Terrace'}}","Skipped to the next track on the outdoor speakers.","eval-test_expected_states","Good",""
"home7_dk_media_player_media_player-skip_to_the_next_track_on_the_outdoor_speakers-3","mistral-large-2512","media-player","Skip to the next track on the outdoor speakers","{'tool_name': 'HassMediaNext', 'tool_args': {'name': 'Outdoor Speakers'}}","Skipped to the next track on the outdoor speakers.","eval-test_expected_states","Good",""
"home7_dk_media_player_media_player-turn_off_the_outdoor_speakers-0","mistral-large-2512","media-player","Turn off the Outdoor Speakers","{'tool_name': 'HassTurnOff', 'tool_args': {'name': 'Outdoor Speakers', 'domain': 'media_player'}}","The Outdoor Speakers have been turned off.","eval-test_expected_states","Good",""
"home7_dk_media_player_media_player-turn_off_the_outdoor_speakers-1","mistral-large-2512","media-player","Turn off the Outdoor Speakers","{'tool_name': 'HassTurnOff', 'tool_args': {'name': 'Outdoor Speakers', 'domain': 'media_player'}}","The Outdoor Speakers have been turned off.","eval-test_expected_states","Good",""
"home7_dk_media_player_media_player-turn_off_the_outdoor_speakers-2","mistral-large-2512","media-player","Turn off the Outdoor Speakers","{'tool_name': 'HassTurnOff', 'tool_args': {'name': 'Outdoor Speakers', 'domain': 'media_player'}}","The Outdoor Speakers have been turned off.","eval-test_expected_states","Good",""
"home7_dk_media_player_media_player-turn_off_the_outdoor_speakers-3","mistral-large-2512","media-player","Turn off the Outdoor Speakers","{'tool_name': 'HassTurnOff', 'tool_args': {'name': 'Outdoor Speakers', 'domain': 'media_player'}}","The Outdoor Speakers have been turned off.","eval-test_expected_states","Good",""
"home7_dk_media_player_media_player-turn_the_volume_down_to_50-0","mistral-large-2512","media-player","Turn the volume down to 50%","{'tool_name': 'HassSetVolume', 'tool_args': {'volume_level': 50, 'area': 'Rooftop Terrace', 'domain': ['media_player']}}","The volume for the **Outdoor Speakers** on the **Rooftop Terrace** is now set to **50%**.","eval-test_expected_states","Good",""
"home7_dk_media_player_media_player-turn_the_volume_down_to_50-1","mistral-large-2512","media-player","Turn the volume down to 50%","{'tool_name': 'HassSetVolume', 'tool_args': {'volume_level': 50, 'area': 'Rooftop Terrace', 'domain': ['media_player']}}","The volume for the **Outdoor Speakers** on the **Rooftop Terrace** is now set to **50%**.","eval-test_expected_states","Good",""
"home7_dk_media_player_media_player-turn_the_volume_down_to_50-2","mistral-large-2512","media-player","Turn the volume down to 50%","{'tool_name': 'HassSetVolume', 'tool_args': {'volume_level': 50, 'area': 'Rooftop Terrace', 'domain': ['media_player']}}","The volume for the **Outdoor Speakers** on the **Rooftop Terrace** is now set to **50%**.","eval-test_expected_states","Good",""
"home7_dk_media_player_media_player-turn_the_volume_down_to_50-3","mistral-large-2512","media-player","Turn the volume down to 50%","{'tool_name': 'HassSetVolume', 'tool_args': {'volume_level': 50, 'area': 'Rooftop Terrace', 'domain': ['media_player']}}","The volume for the **Outdoor Speakers** on the **Rooftop Terrace** is now set to **50%**.","eval-test_expected_states","Good",""
"home7_dk_media_player_media_player-unpause_the_rooftop_terrace_music-0","mistral-large-2512","media-player","Unpause the Rooftop Terrace music","{'tool_name': 'HassMediaUnpause', 'tool_args': {'area': 'Rooftop Terrace', 'domain': ['media_player']}}","The music on the Rooftop Terrace has been resumed.","eval-test_expected_states","Good",""
"home7_dk_media_player_media_player-unpause_the_rooftop_terrace_music-1","mistral-large-2512","media-player","Unpause the Rooftop Terrace music","{'tool_name': 'HassMediaUnpause', 'tool_args': {'area': 'Rooftop Terrace', 'domain': ['media_player']}}","The Rooftop Terrace music is now playing.","eval-test_expected_states","Good",""
"home7_dk_media_player_media_player-unpause_the_rooftop_terrace_music-2","mistral-large-2512","media-player","Unpause the Rooftop Terrace music","{'tool_name': 'HassMediaUnpause', 'tool_args': {'area': 'Rooftop Terrace', 'domain': ['media_player']}}","The Rooftop Terrace music has been resumed.","eval-test_expected_states","Good",""
"home7_dk_media_player_media_player-unpause_the_rooftop_terrace_music-3","mistral-large-2512","media-player","Unpause the Rooftop Terrace music","{'tool_name': 'HassMediaUnpause', 'tool_args': {'area': 'Rooftop Terrace', 'domain': ['media_player']}}","The Rooftop Terrace music is now playing.","eval-test_expected_states","Good",""
